accuracy,precision,recall,f1
0.7142857142857143,0.5102040816326531,0.7142857142857143,0.5952380952380952
