model,k,metric,value
TF-IDF + SVM,1,Hit Rate,0.2857142857142857
TF-IDF + SVM,3,Hit Rate,0.2857142857142857
TF-IDF + SVM,5,Hit Rate,0.5714285714285714
TF-IDF + SVM,-,Accuracy,0.7142857142857143
TF-IDF + SVM,-,Precision,0.5102040816326531
TF-IDF + SVM,-,Recall,0.7142857142857143
TF-IDF + SVM,-,F1-Score,0.5952380952380952
